Country,Total_Revenue,Total_Customers,Total_Orders
United Kingdom,7381644.433001884,3971,17614
EIRE,356041.8600000008,5,316
Netherlands,268784.3499999994,22,135
Germany,202025.3909999996,67,347
France,146107.06999999995,47,236
Sweden,53147.989999999954,16,68
Denmark,50906.85000000004,9,26
Spain,47568.650000000074,25,66
Switzerland,43921.39000000007,14,40
Australia,31446.799999999977,15,40
Channel Islands,24546.319999999985,11,30
Belgium,24537.579999999994,17,52
Norway,23944.18,5,11
Portugal,23843.46000000002,18,40
Italy,15052.73,11,28
Greece,14335.669999999995,4,13
Austria,13414.329999999987,10,28
Cyprus,11347.100000000004,7,21
Japan,9722.019999999999,6,16
Finland,7379.459999999999,7,16
United Arab Emirates,7300.410000000001,4,8
Unspecified,5946.580000000001,4,8
Malta,5373.499999999999,1,4
Lithuania,4892.680000000001,1,6
USA,4786.469999999999,6,15
Singapore,4037.769999999998,1,4
Poland,3567.8,2,10
Israel,3199.4,2,2
Thailand,3070.539999999998,1,2
Iceland,1323.3199999999997,1,2
Canada,1216.66,1,2
Korea,1118.51,2,2
RSA,931.4300000000006,1,1
Bahrain,805.9699999999998,2,2
West Indies,536.4099999999999,1,1
Brazil,268.27,1,1
Nigeria,140.39000000000001,1,2
