Customer ID,Order_Frequency
14911,205
17850,155
12748,144
15311,121
13089,109
14606,102
14156,102
13694,94
17841,91
18102,89
15061,86
14646,78
17949,74
14527,69
17961,62
17377,60
16422,59
13798,54
12471,49
13093,48
15039,47
16029,47
17448,46
13408,46
17243,44
14680,43
12931,42
12835,41
16168,40
17675,40
12921,39
13767,39
17920,39
16013,39
13468,38
14298,38
13777,37
13564,35
13319,34
12971,33
16779,32
13078,32
18172,32
15768,31
17511,31
14667,31
13199,30
16754,29
12482,29
15005,29
17677,28
17757,28
17389,27
16684,27
14031,27
17068,27
12647,27
15738,26
15856,26
17865,26
15291,26
16782,26
15581,26
16161,25
16549,24
14735,24
16746,24
12681,24
15615,24
14040,23
16133,23
15078,23
13881,23
17085,23
17576,23
18231,23
14543,23
16525,23
12682,23
15898,22
15358,22
12843,22
16705,22
14560,22
15555,22
16553,21
15984,21
14952,21
15769,21
17848,21
14849,21
14110,21
12437,21
15260,20
12709,20
18041,20
13001,20
14590,20
17372,20
17581,20
13081,19
16558,19
13050,19
16843,19
15498,19
14739,19
17696,19
16210,19
14299,19
18061,19
17858,19
17969,18
15093,18
15719,18
13267,18
15044,18
17884,18
12989,18
13097,18
13004,18
17428,18
13969,18
15513,18
13013,18
16713,18
13491,18
16019,18
14895,18
15808,18
16883,18
12841,17
17706,17
17238,17
17157,17
13542,17
13047,17
17888,17
17965,17
13230,17
18260,17
13999,17
17364,17
15867,17
15601,17
16497,17
15827,16
14085,16
16353,16
13802,16
12621,16
12540,16
16814,16
14878,16
13069,16
15838,16
14258,16
12747,16
17287,16
16103,16
14051,15
14648,15
15465,15
14134,15
18087,15
13418,15
15640,15
17231,15
15527,15
16656,15
18226,15
18225,15
15523,15
13854,15
17416,15
16186,15
18065,15
14194,15
14030,14
15270,14
16125,14
15570,14
17589,14
13571,14
18008,14
13148,14
15194,14
17873,14
16011,14
13963,14
16550,14
13668,14
16170,14
13599,14
13327,14
13102,14
13113,14
14755,14
16919,14
16945,14
15874,14
13269,14
12949,14
14344,14
12422,14
16985,13
15633,13
13027,13
14961,13
14422,13
16928,13
12583,13
12431,13
12474,13
12472,13
14825,13
14060,13
12839,13
13206,13
18245,13
14867,13
16700,13
17017,13
14702,13
16923,13
16701,13
16710,13
13715,13
17139,13
13090,13
16742,13
12823,13
13831,13
15805,13
15611,13
17716,13
15981,13
14045,13
16444,13
15015,13
17611,13
18109,13
13317,13
17346,12
12523,12
14062,12
13426,12
13117,12
12980,12
14291,12
14113,12
14852,12
15544,12
16458,12
17241,12
15547,12
14882,12
17913,12
16592,12
16351,12
15885,12
14709,12
15750,12
15129,12
17469,12
18223,12
14395,12
17381,12
13952,12
13082,12
14249,12
15298,12
13590,12
13141,12
13162,12
12939,12
17612,12
17975,12
17460,12
15144,12
17402,12
16008,12
15694,12
12600,12
12476,12
17931,12
17809,11
17044,11
14713,11
16954,11
16839,11
16401,11
13488,11
16191,11
14210,11
17739,11
18168,11
16393,11
17307,11
12346,11
17894,11
17091,11
16327,11
13634,11
14282,11
15785,11
16905,11
15755,11
15218,11
13911,11
17160,11
12836,11
17191,11
15953,11
14135,11
14505,11
16722,11
16126,11
15751,11
14796,11
17406,11
15369,11
13941,11
12417,11
13394,11
16156,11
16607,11
13769,11
12872,11
13446,11
12483,11
15998,11
13576,11
12490,11
14732,11
13557,11
15967,10
14064,10
12755,10
16326,10
12662,10
18075,10
12712,10
14415,10
17861,10
13983,10
15046,10
13993,10
15013,10
14828,10
17519,10
17049,10
13552,10
14451,10
15059,10
13659,10
17230,10
13044,10
13485,10
15031,10
15862,10
13291,10
15023,10
17663,10
12986,10
13728,10
17700,10
16258,10
17146,10
17799,10
13173,10
14341,10
17552,10
14530,10
13561,10
18229,10
14907,10
13883,10
13756,10
13758,10
15571,10
15222,10
13901,10
13174,10
17905,10
16225,10
16556,10
13534,10
15251,10
17838,10
14047,10
15271,10
17646,10
16570,10
14239,10
14092,10
17412,10
16858,10
13178,10
15965,10
13842,10
16918,10
16200,10
14461,10
15860,10
13875,9
13225,9
16027,9
14180,9
14177,9
12913,9
15203,9
12951,9
17504,9
12708,9
14861,9
15628,9
17457,9
16197,9
18037,9
17324,9
17314,9
14209,9
17742,9
16158,9
14099,9
16395,9
18064,9
12678,9
14915,9
15125,9
14898,9
14440,9
16735,9
12838,9
16986,9
13931,9
14159,9
15796,9
14211,9
17738,9
17338,9
16709,9
17867,9
14063,9
17526,9
16325,9
13059,9
16717,9
14388,9
15681,9
17218,9
15732,9
13929,9
17351,9
13693,9
15182,9
17442,9
16686,9
14710,9
13593,9
13448,9
17644,9
14081,9
16456,9
17954,9
15858,9
14401,9
15955,9
16652,9
16347,9
13555,9
13037,9
16748,9
12524,9
13995,9
16206,9
14625,9
15854,9
15321,9
16670,9
14769,9
14593,9
14049,9
13735,9
15727,8
14465,8
17754,8
13648,8
16791,8
16255,8
15716,8
17001,8
14525,8
15024,8
17811,8
12935,8
18036,8
13958,8
15359,8
17692,8
17019,8
16145,8
14534,8
14404,8
16400,8
17618,8
14540,8
16104,8
15602,8
14841,8
15580,8
12500,8
17032,8
18044,8
17419,8
17732,8
15607,8
16098,8
14025,8
12877,8
16719,8
18219,8
14685,8
13629,8
18077,8
14399,8
13856,8
15329,8
13136,8
18092,8
16992,8
14970,8
13680,8
13077,8
15081,8
16065,8
17293,8
17690,8
14607,8
16202,8
16010,8
15674,8
17930,8
15079,8
13662,8
16208,8
15680,8
16725,8
14866,8
17409,8
14243,8
15521,8
15606,8
15179,8
16033,8
14329,8
15911,8
17802,8
17929,8
15122,8
14562,8
17512,8
17897,8
17340,8
13984,8
14740,8
17735,8
15550,8
15641,8
12683,8
18251,8
14467,8
13137,8
14688,8
13324,8
13021,8
16950,8
12924,8
12891,8
15255,8
15622,8
12932,8
13259,8
17491,8
14221,8
15312,8
14692,8
18144,8
17602,8
15290,8
17404,8
16466,8
14744,8
18051,7
16503,7
15173,7
16094,7
14944,7
13329,7
17213,7
13313,7
14532,7
17396,7
13214,7
17388,7
15497,7
17508,7
14101,7
13782,7
15795,7
14160,7
16699,7
16571,7
16266,7
13838,7
14292,7
16242,7
13440,7
16984,7
16470,7
14608,7
17720,7
17730,7
16467,7
15518,7
18145,7
13643,7
17382,7
17268,7
16668,7
14205,7
17596,7
15482,7
15812,7
13554,7
15367,7
14896,7
16655,7
17572,7
14918,7
12567,7
14548,7
13722,7
15916,7
14001,7
15889,7
15325,7
16539,7
15394,7
17465,7
15514,7
16218,7
13305,7
13711,7
13577,7
13615,7
16891,7
15443,7
17220,7
14217,7
16631,7
16933,7
13510,7
16743,7
16221,7
16085,7
14147,7
17769,7
13824,7
18009,7
15380,7
14987,7
16143,7
16904,7
13092,7
17863,7
13450,7
14426,7
14146,7
17365,7
13610,7
13152,7
14748,7
17432,7
16059,7
16233,7
15910,7
17096,7
12415,7
17450,7
15623,7
14651,7
12779,7
15141,7
17726,7
14821,7
12928,7
14492,7
13799,7
16190,7
12714,7
14441,7
13870,7
17262,7
16335,7
17235,7
15032,7
15372,7
17228,7
16359,7
16365,7
17227,7
12380,7
13018,7
12976,7
12510,7
14626,7
15712,7
16409,7
17426,7
13266,7
13211,7
14745,7
15281,7
13032,7
16177,7
13985,7
15456,7
17673,7
15660,7
16600,7
12820,7
14016,7
17994,7
17470,7
13202,7
14963,7
14466,7
16523,7
17092,7
15240,7
14723,7
16199,7
17180,7
13611,7
12982,7
15912,7
13126,7
17988,7
18178,7
15003,6
15100,6
14514,6
15538,6
15296,6
15382,6
17113,6
17950,6
14770,6
16510,6
16119,6
15983,6
15164,6
16032,6
12782,6
17740,6
14044,6
18258,6
16455,6
17281,6
13052,6
14496,6
16331,6
15332,6
16150,6
15051,6
17345,6
18170,6
16131,6
17685,6
13431,6
14370,6
15950,6
14824,6
14032,6
13975,6
17819,6
15532,6
14112,6
15882,6
16775,6
15638,6
12589,6
15199,6
14154,6
15034,6
13015,6
17150,6
15027,6
14988,6
12765,6
15365,6
13085,6
15747,6
17623,6
14676,6
15002,6
12791,6
13249,6
17790,6
13316,6
17682,6
12867,6
16756,6
17609,6
14396,6
12549,6
13213,6
12481,6
14275,6
13982,6
13786,6
14541,6
17138,6
16416,6
13443,6
14482,6
14905,6
14800,6
14535,6
13869,6
17851,6
17069,6
17550,6
13381,6
15353,6
18283,6
13346,6
17137,6
17083,6
18094,6
16499,6
13857,6
17236,6
16005,6
15301,6
16560,6
12609,6
12359,6
13719,6
18025,6
16279,6
13481,6
12970,6
16128,6
13115,6
17021,6
17578,6
16650,6
15434,6
16430,6
17090,6
13413,6
15373,6
13750,6
15030,6
15095,6
12802,6
14844,6
13451,6
15661,6
13971,6
15420,6
14701,6
17063,6
15722,6
15306,6
13979,6
15971,6
16638,6
12720,6
13727,6
17289,6
17290,6
15288,6
17449,6
13848,6
15551,6
17651,6
14515,6
17188,6
17368,6
14609,6
15299,6
17940,6
16875,6
14460,6
18069,6
16293,6
16841,6
12668,6
15754,6
12623,6
17921,6
13421,6
14277,6
12643,6
13495,6
16768,6
12484,6
16086,6
16873,6
17707,6
17454,6
12975,6
16658,6
12826,6
18236,6
16823,6
15235,6
13019,6
13293,6
13520,6
14293,6
14790,6
15819,6
12599,6
15421,6
14766,6
17075,6
14850,6
13473,6
14546,6
13183,6
17593,6
14693,6
16153,6
13203,6
17211,6
15483,6
13874,6
18055,6
17679,5
13623,5
14837,5
17190,5
12530,5
16835,5
14437,5
17774,5
13288,5
17639,5
18071,5
17059,5
17147,5
13873,5
15073,5
15426,5
12705,5
15841,5
14644,5
15485,5
13497,5
15920,5
12731,5
14871,5
13477,5
17029,5
17259,5
17966,5
16383,5
12429,5
16515,5
16253,5
15696,5
16316,5
17204,5
14327,5
14870,5
14507,5
18252,5
16155,5
12910,5
12937,5
15549,5
18259,5
13531,5
15245,5
15339,5
12391,5
14978,5
13397,5
12631,5
17155,5
16960,5
17332,5
17222,5
12853,5
12360,5
14967,5
17889,5
16907,5
14198,5
13880,5
15413,5
12863,5
12917,5
14615,5
16736,5
15590,5
13654,5
16926,5
17080,5
17362,5
14649,5
17515,5
15189,5
14152,5
17760,5
16612,5
14454,5
13065,5
13902,5
16770,5
13772,5
13884,5
12613,5
13641,5
16554,5
14551,5
12978,5
17323,5
17935,5
13478,5
13157,5
16634,5
16771,5
17165,5
14855,5
13562,5
15058,5
13748,5
15043,5
18194,5
16859,5
16477,5
18268,5
15673,5
17908,5
15800,5
13340,5
13048,5
12759,5
16271,5
16180,5
14512,5
17681,5
16611,5
16794,5
14573,5
15985,5
13240,5
14686,5
15972,5
15903,5
14817,5
16434,5
12957,5
15422,5
12676,5
16827,5
14901,5
14186,5
14057,5
13527,5
15142,5
12758,5
13705,5
17133,5
12577,5
15890,5
13889,5
16163,5
13709,5
14442,5
13723,5
14653,5
14994,5
14227,5
12433,5
16350,5
14623,5
16938,5
17797,5
18106,5
15249,5
17343,5
15366,5
16167,5
12963,5
15489,5
16593,5
16817,5
13888,5
17822,5
14390,5
14798,5
14498,5
17640,5
17322,5
13246,5
14175,5
16004,5
13953,5
15715,5
16915,5
14224,5
16182,5
14114,5
18276,5
13503,5
14312,5
16940,5
14857,5
16654,5
16983,5
13649,5
14820,5
17050,5
13209,5
15625,5
17422,5
18135,5
14966,5
12594,5
16003,5
15605,5
13107,5
17676,5
13538,5
14316,5
13110,5
17315,5
13464,5
13296,5
13617,5
13455,5
13823,5
16718,5
15596,5
13771,5
16797,5
13031,5
15990,5
16946,5
14161,5
15502,5
14136,5
18116,5
12649,5
15774,5
16563,5
12402,5
14409,5
14449,5
16087,5
18220,5
18097,5
14493,5
13613,5
13736,5
13851,5
17672,5
15789,5
12933,5
17610,5
14307,5
15569,5
17127,5
15793,5
15447,4
14450,4
17753,4
17420,4
13916,4
13795,4
15960,4
17438,4
15221,4
13544,4
16391,4
16947,4
16544,4
15658,4
17588,4
14715,4
12854,4
15637,4
15850,4
16707,4
14555,4
17808,4
17081,4
14283,4
14733,4
14776,4
16053,4
13415,4
16043,4
16774,4
12725,4
15062,4
14455,4
17244,4
17709,4
12926,4
17584,4
17539,4
17071,4
14439,4
12806,4
16303,4
15938,4
14813,4
17984,4
17825,4
14105,4
16048,4
17003,4
14669,4
16948,4
15614,4
12889,4
13589,4
12744,4
14035,4
17871,4
17018,4
16934,4
16292,4
13734,4
13921,4
12972,4
12749,4
14257,4
12857,4
15159,4
13357,4
18002,4
15347,4
13783,4
15873,4
13655,4
14618,4
17135,4
16369,4
15064,4
14949,4
16595,4
16296,4
18215,4
18171,4
14195,4
16895,4
18118,4
18214,4
17025,4
12993,4
15259,4
17560,4
14408,4
12409,4
16081,4
12435,4
17342,4
13855,4
16336,4
16767,4
13384,4
13239,4
16147,4
13761,4
14640,4
16176,4
13242,4
14006,4
14080,4
13650,4
14004,4
13466,4
14533,4
14522,4
14524,4
16099,4
18241,4
12849,4
14746,4
15901,4
14276,4
12605,4
15476,4
13579,4
16235,4
17968,4
17062,4
14225,4
17095,4
14585,4
13417,4
18093,4
15038,4
16016,4
17952,4
17812,4
14942,4
17126,4
14584,4
14499,4
16387,4
13890,4
14264,4
17043,4
14334,4
13026,4
17046,4
18001,4
14854,4
12395,4
15652,4
14037,4
17768,4
13980,4
16784,4
14624,4
15439,4
17978,4
17006,4
13939,4
17625,4
13118,4
17203,4
14182,4
17796,4
17031,4
18149,4
16040,4
15326,4
18257,4
16062,4
17414,4
15861,4
14947,4
17713,4
13433,4
13145,4
12615,4
16862,4
14236,4
16290,4
15757,4
12573,4
16711,4
13591,4
14295,4
14605,4
14897,4
15717,4
15215,4
14129,4
16298,4
13740,4
16407,4
16661,4
16569,4
15266,4
15149,4
15879,4
15167,4
14734,4
14107,4
17200,4
14912,4
13074,4
16329,4
13821,4
16105,4
17320,4
17534,4
16531,4
18181,4
14682,4
14634,4
15227,4
13663,4
16287,4
14021,4
14247,4
14553,4
17667,4
15309,4
17758,4
16239,4
15107,4
12637,4
14478,4
13462,4
17604,4
12645,4
16636,4
15021,4
15561,4
15488,4
13041,4
18242,4
17141,4
17845,4
13770,4
13871,4
17107,4
17987,4
14306,4
14754,4
12997,4
12960,4
14913,4
17714,4
13223,4
16174,4
16702,4
15389,4
12805,4
17115,4
16520,4
13647,4
16231,4
14322,4
16412,4
16620,4
15822,4
14572,4
15810,4
13131,4
18022,4
18277,4
17288,4
16485,4
14078,4
15945,4
12454,4
15629,4
17356,4
17145,4
14286,4
16551,4
13762,4
13787,4
17540,4
16555,4
14916,4
15493,4
16625,4
15351,4
12557,4
18039,4
17311,4
13920,4
15759,4
13201,4
15278,4
18287,4
12990,4
16130,4
17597,4
13567,4
12455,4
15016,4
16546,4
17349,4
13410,4
17348,4
14868,4
13263,4
14215,4
17082,4
14421,4
16330,4
13815,4
13506,4
14933,4
14469,4
17002,4
16955,4
13658,4
14235,4
14285,4
12726,4
13393,4
14621,4
13785,4
13039,4
15917,4
17963,4
14000,4
16987,4
16320,4
12788,4
15272,4
14167,4
15279,4
17582,4
17631,4
17854,4
16241,4
13382,4
17829,4
16332,4
15101,4
16977,4
17849,4
16045,4
13280,4
14869,4
15600,4
16912,4
13573,4
18151,4
16229,4
17321,4
16787,4
12855,4
16809,4
13598,4
14343,4
13539,4
14936,4
17860,4
15425,4
13243,4
16017,4
17048,4
16588,4
15402,4
14229,4
13813,4
13192,4
13360,4
16115,4
14829,4
16209,4
16755,4
12701,4
15980,4
15377,4
14984,4
15480,4
14597,4
15976,4
15356,4
16861,3
16500,3
14075,3
16916,3
14420,3
17028,3
15207,3
14714,3
12998,3
16283,3
14958,3
16232,3
16565,3
13997,3
15070,3
14477,3
14556,3
12727,3
16234,3
17926,3
15973,3
15191,3
17067,3
17430,3
16798,3
15202,3
18085,3
12494,3
14558,3
15253,3
16366,3
13665,3
16314,3
16265,3
13104,3
14302,3
16175,3
13946,3
18096,3
12868,3
18057,3
15906,3
17496,3
15563,3
17804,3
15224,3
13713,3
16129,3
17545,3
17603,3
16138,3
16134,3
15111,3
17635,3
17883,3
17544,3
13101,3
16769,3
16693,3
14831,3
17400,3
17869,3
16057,3
18062,3
16159,3
17974,3
13297,3
14513,3
17852,3
13399,3
15452,3
17585,3
13295,3
17242,3
13965,3
17918,3
15283,3
14139,3
16952,3
16732,3
17817,3
17098,3
17101,3
15958,3
14538,3
14230,3
14088,3
12875,3
14656,3
15252,3
17350,3
17886,3
12870,3
14853,3
15223,3
14681,3
15506,3
15276,3
15504,3
12349,3
15393,3
14202,3
15186,3
14628,3
16411,3
17996,3
14065,3
17179,3
13878,3
12408,3
12414,3
16372,3
15587,3
14355,3
14290,3
12576,3
14104,3
14643,3
14389,3
12644,3
13154,3
13696,3
13784,3
14228,3
16300,3
17167,3
16805,3
13959,3
15646,3
12356,3
15241,3
16979,3
17655,3
17023,3
15057,3
15870,3
16122,3
12358,3
13514,3
13652,3
14510,3
12651,3
14145,3
15466,3
17373,3
12374,3
14508,3
17615,3
13407,3
12909,3
14662,3
12956,3
15752,3
15823,3
15354,3
18177,3
13057,3
15117,3
16445,3
16390,3
12598,3
13287,3
12808,3
17209,3
14204,3
16777,3
13807,3
17221,3
15400,3
17780,3
17691,3
15684,3
15649,3
14425,3
13442,3
13948,3
14818,3
17669,3
14431,3
17505,3
13707,3
17666,3
18190,3
16341,3
14725,3
13461,3
12370,3
17185,3
15834,3
15617,3
18272,3
15028,3
15183,3
17358,3
16795,3
17941,3
14930,3
12525,3
14172,3
14872,3
12766,3
16584,3
16792,3
15441,3
14430,3
17189,3
15323,3
16096,3
12648,3
15416,3
13190,3
12987,3
13700,3
15944,3
13070,3
15664,3
13414,3
13778,3
15572,3
14708,3
12724,3
13900,3
13405,3
13330,3
16054,3
15268,3
15197,3
15777,3
15579,3
16034,3
13155,3
16092,3
13012,3
13753,3
16007,3
17548,3
14122,3
16172,3
12539,3
12633,3
16435,3
14068,3
13635,3
16254,3
16428,3
15586,3
12418,3
12586,3
14260,3
17764,3
16788,3
16441,3
16538,3
16860,3
15946,3
17801,3
16067,3
17807,3
14484,3
14794,3
17027,3
16414,3
13872,3
12480,3
14695,3
15817,3
13362,3
12703,3
13729,3
13976,3
12592,3
13957,3
14130,3
17530,3
16496,3
15287,3
16996,3
17945,3
16108,3
15665,3
16898,3
13333,3
18247,3
16124,3
13187,3
15160,3
13140,3
17122,3
13819,3
13569,3
14127,3
17047,3
14566,3
14083,3
14506,3
16975,3
16935,3
14631,3
12745,3
15392,3
12915,3
17756,3
16931,3
16727,3
15381,3
16072,3
15714,3
14233,3
14201,3
12450,3
15261,3
15542,3
15845,3
13632,3
16894,3
16493,3
17990,3
13208,3
13080,3
14061,3
14839,3
13863,3
14673,3
16421,3
17436,3
13602,3
16511,3
13427,3
16385,3
16042,3
13797,3
12371,3
12778,3
16101,3
15192,3
17763,3
16060,3
15331,3
12695,3
17816,3
16812,3
16308,3
14480,3
17553,3
15847,3
13338,3
13042,3
14489,3
17633,3
14170,3
12369,3
17734,3
16848,3
15886,3
14569,3
15887,3
15446,3
16205,3
17659,3
13196,3
16374,3
16888,3
16906,3
14934,3
17421,3
16830,3
15771,3
15361,3
15591,3
16660,3
12800,3
14549,3
13476,3
14953,3
17371,3
16679,3
15708,3
15428,3
16356,3
14805,3
18203,3
16868,3
12977,3
14758,3
13156,3
17354,3
13764,3
16307,3
17695,3
16471,3
17298,3
14199,3
15798,3
13891,3
12389,3
17256,3
17363,3
18095,3
13402,3
14301,3
13849,3
13434,3
14639,3
18154,3
15959,3
14962,3
13989,3
14256,3
17360,3
13278,3
16890,3
12588,3
14577,3
13150,3
15863,3
14346,3
12920,3
17621,3
13540,3
16772,3
15123,3
12693,3
16872,3
13373,3
17876,3
13585,3
13595,3
12361,3
15791,3
13935,3
14320,3
13512,3
17329,3
15900,3
15198,3
16521,3
16354,3
15921,3
13304,3
16121,3
13587,3
17642,3
16619,3
15803,3
14481,3
15180,3
14729,3
17962,3
15055,3
16825,3
12412,3
17380,3
12477,3
13820,3
13760,3
16344,3
14865,3
17555,3
13566,3
16436,3
12908,3
13998,3
17853,3
14583,3
16519,3
12468,3
14699,3
16259,3
16228,3
17239,3
18101,3
14655,3
13277,3
17561,3
16807,3
17862,3
16183,3
17051,3
15150,3
13684,3
16939,3
15723,3
16203,3
15494,3
14157,3
14810,3
12733,3
12656,3
14413,3
13835,3
14679,3
16529,3
17746,3
15248,3
14028,3
16071,3
12813,3
17341,3
15713,3
12399,3
17041,3
12451,3
14909,3
17142,3
17998,3
13276,3
18188,3
13642,3
12406,3
16889,3
16623,3
15691,3
13292,3
12840,3
13679,3
17201,3
14479,3
15573,3
16049,3
18006,3
17683,3
15574,3
17076,3
16596,3
12916,3
13285,2
16574,2
15957,2
17172,2
18218,2
14876,2
14423,2
15254,2
16680,2
14324,2
13601,2
13207,2
12393,2
17708,2
14809,2
17193,2
13465,2
14315,2
17223,2
16117,2
15535,2
14365,2
15026,2
16601,2
15584,2
17782,2
15157,2
14771,2
17924,2
15091,2
16317,2
16648,2
14058,2
17525,2
12943,2
16913,2
12542,2
14332,2
13368,2
16819,2
16375,2
18193,2
17792,2
13377,2
17353,2
16532,2
14410,2
17647,2
17955,2
17741,2
14687,2
13045,2
15105,2
13371,2
17542,2
12373,2
13676,2
12948,2
13836,2
15666,2
17463,2
12711,2
16012,2
16264,2
15262,2
15071,2
12582,2
18026,2
16608,2
13523,2
12865,2
12575,2
13051,2
16075,2
17476,2
13992,2
17170,2
14375,2
12504,2
15363,2
15914,2
18286,2
16799,2
17097,2
12347,2
13584,2
15636,2
16921,2
12873,2
18053,2
17536,2
14917,2
17563,2
12761,2
17285,2
15228,2
17916,2
13781,2
14151,2
15401,2
16695,2
17547,2
14904,2
12639,2
15784,2
13988,2
18060,2
17785,2
17176,2
12797,2
13275,2
13439,2
16204,2
14013,2
15792,2
14564,2
15097,2
12533,2
13895,2
13374,2
13034,2
16419,2
13406,2
15865,2
16024,2
18084,2
17771,2
15702,2
17482,2
16273,2
15546,2
13698,2
17531,2
13024,2
15560,2
17702,2
15760,2
17325,2
16932,2
15050,2
16974,2
14308,2
12421,2
15811,2
17258,2
17967,2
13717,2
15987,2
16887,2
18244,2
15471,2
17326,2
12440,2
15766,2
14020,2
17866,2
15764,2
15304,2
15403,2
14998,2
17205,2
14350,2
18018,2
14847,2
15704,2
15076,2
14010,2
15562,2
13428,2
16278,2
17680,2
17901,2
15996,2
13123,2
13067,2
15639,2
17513,2
17198,2
16406,2
13825,2
15151,2
17728,2
15280,2
13545,2
18074,2
14248,2
14826,2
15876,2
15074,2
16863,2
14166,2
13300,2
13459,2
12677,2
16576,2
16226,2
15501,2
12880,2
17477,2
18271,2
17847,2
15133,2
17330,2
15169,2
13768,2
13049,2
17629,2
13073,2
12578,2
15934,2
15114,2
14890,2
13403,2
15695,2
17759,2
13892,2
13597,2
17705,2
14363,2
13029,2
13556,2
17864,2
14657,2
12424,2
14403,2
16014,2
15797,2
15247,2
17722,2
12562,2
17594,2
16840,2
13803,2
12804,2
17246,2
12737,2
16120,2
13094,2
16088,2
17429,2
18035,2
16628,2
14353,2
17286,2
15884,2
13616,2
16720,2
15662,2
12632,2
15451,2
15566,2
17026,2
14219,2
15814,2
16846,2
12591,2
13458,2
16726,2
13945,2
17567,2
13255,2
17335,2
12496,2
15012,2
17878,2
15314,2
14108,2
12423,2
15410,2
14038,2
17045,2
17643,2
13619,2
14990,2
13919,2
16856,2
16899,2
13008,2
15786,2
15110,2
14932,2
12419,2
16461,2
13250,2
14616,2
14486,2
16781,2
16080,2
14671,2
17020,2
17608,2
17694,2
15196,2
17484,2
18058,2
13677,2
12775,2
12817,2
17524,2
16893,2
14237,2
18108,2
16452,2
14069,2
14326,2
12675,2
17898,2
14891,2
12357,2
16018,2
17282,2
14838,2
17995,2
13134,2
14183,2
17492,2
15809,2
14610,2
12687,2
12862,2
17624,2
13897,2
13800,2
18134,2
16450,2
17255,2
15956,2
14452,2
17478,2
16773,2
15086,2
13996,2
15519,2
14938,2
13175,2
12842,2
13108,2
14751,2
14115,2
15384,2
16261,2
12665,2
14014,2
13091,2
14494,2
14490,2
16911,2
13627,2
16522,2
14996,2
12553,2
17109,2
15350,2
15992,2
16677,2
16415,2
17251,2
15659,2
13320,2
16606,2
13804,2
14672,2
14550,2
13435,2
15627,2
14173,2
15378,2
18078,2
14802,2
15077,2
17591,2
17870,2
16465,2
12379,2
15102,2
18217,2
16036,2
12696,2
16310,2
14736,2
15728,2
17011,2
17035,2
17034,2
12905,2
13238,2
13233,2
16306,2
15154,2
17638,2
17699,2
14665,2
15878,2
14181,2
12388,2
14690,2
13686,2
15184,2
15484,2
14272,2
16518,2
12663,2
17473,2
15711,2
13283,2
13922,2
16418,2
16884,2
15068,2
14048,2
18141,2
16282,2
13474,2
16647,2
14807,2
17308,2
17580,2
14097,2
14253,2
15265,2
17339,2
16690,2
13605,2
13614,2
12629,2
13987,2
17182,2
16864,2
13710,2
18112,2
16089,2
16568,2
17327,2
15989,2
16211,2
12449,2
15001,2
15406,2
15390,2
14722,2
14471,2
15210,2
17123,2
13646,2
16892,2
13809,2
15936,2
14700,2
16223,2
16692,2
16384,2
17745,2
12625,2
12831,2
16050,2
13656,2
13457,2
13151,2
17577,2
17664,2
13064,2
17518,2
16704,2
17616,2
17300,2
14189,2
18136,2
17529,2
13834,2
13010,2
17686,2
15736,2
15269,2
14238,2
13234,2
13432,2
15461,2
15362,2
17773,2
14206,2
13776,2
15008,2
15201,2
14443,2
13479,2
16844,2
18047,2
13546,2
16903,2
14464,2
16275,2
17413,2
14369,2
17960,2
17132,2
18066,2
14663,2
16489,2
17294,2
14940,2
12439,2
17292,2
17857,2
16590,2
15512,2
16833,2
12874,2
12825,2
17923,2
14986,2
16614,2
14303,2
14704,2
16286,2
14279,2
14398,2
13513,2
14169,2
16083,2
14342,2
14835,2
13103,2
12958,2
16838,2
13543,2
12670,2
15011,2
14304,2
15682,2
18016,2
15124,2
13198,2
17823,2
17309,2
15423,2
12469,2
14885,2
17814,2
17456,2
14519,2
15969,2
15418,2
13334,2
13020,2
16961,2
13484,2
16993,2
17810,2
14563,2
13502,2
12923,2
15741,2
15084,2
15734,2
13444,2
15385,2
14119,2
13425,2
16854,2
13252,2
16583,2
15677,2
18179,2
15181,2
16321,2
12497,2
13666,2
15126,2
13253,2
12741,2
15779,2
15994,2
17110,2
12876,2
17408,2
16039,2
18049,2
15824,2
16468,2
17834,2
17000,2
13559,2
14011,2
16749,2
16691,2
12739,2
14321,2
17794,2
12789,2
12844,2
14922,2
16472,2
15842,2
16451,2
17411,2
16586,2
12811,2
12907,2
16132,2
13877,2
12734,2
14552,2
14877,2
17310,2
17237,2
13537,2
12810,2
14595,2
16373,2
14756,2
16256,2
17181,2
16978,2
15729,2
13310,2
14400,2
14599,2
13164,2
18196,2
16212,2
17649,2
16712,2
16381,2
17880,2
16037,2
16454,2
18230,2
18063,2
14176,2
13747,2
16502,2
18137,2
12634,2
15678,2
13692,2
17393,2
17005,2
14309,2
17490,2
14358,2
17366,2
16802,2
17776,2
15525,2
17306,2
12458,2
16632,2
15094,2
16276,2
15872,2
17766,2
12721,2
17065,2
16836,2
17376,2
14924,2
15109,2
16535,2
13002,2
16437,2
17184,2
14727,2
14026,2
14142,2
15134,2
17212,2
16447,2
17143,2
14487,2
15988,2
14296,2
16281,2
14087,2
16382,2
14168,2
14696,2
13861,2
13138,2
14926,2
17159,2
16021,2
18262,2
13307,2
14372,2
14379,2
15978,2
12866,2
17662,2
12352,2
13395,2
16139,2
15137,2
17671,2
13501,2
14902,2
16964,2
17226,2
13386,2
15748,2
14738,2
17163,2
12897,2
14053,2
13258,2
13361,2
15564,2
13773,2
18239,2
17951,2
17284,2
12377,2
13970,2
17689,2
14819,2
15943,2
18275,2
13005,2
13763,2
16815,2
12967,2
13299,2
14091,2
15037,2
12635,2
13964,2
15807,2
15650,2
13541,2
16832,2
14043,2
17731,2
17622,2
15577,2
14741,2
17004,2
16246,2
15067,2
16487,2
14894,2
15080,2
16943,2
16524,2
16453,2
15303,2
13936,2
15730,2
12809,2
13909,2
14055,2
13582,2
18021,2
17361,2
17233,2
12898,2
16675,2
12527,2
15289,2
17266,2
14220,2
17158,2
13515,2
16227,2
16676,2
17882,2
16166,2
13733,2
16392,2
13472,2
14427,2
15888,2
15816,2
16723,2
14707,2
16972,2
13487,2
16585,2
16442,2
17257,2
12376,2
13129,2
15430,2
13480,2
15529,2
14191,2
14617,2
16140,2
14611,2
15794,2
12793,2
15346,2
16250,2
15645,2
17299,2
13262,2
14265,2
16340,2
16604,2
17999,2
12664,2
12516,2
15459,2
12785,2
13526,2
17464,2
17270,2
17497,2
18011,2
15651,2
15908,2
17521,2
12799,1
13289,1
14832,1
14570,1
13840,1
15846,1
13832,1
16386,1
18201,1
13622,1
17607,1
17688,1
14148,1
18161,1
17077,1
14997,1
17783,1
13009,1
16534,1
15162,1
18221,1
17008,1
17751,1
15575,1
17437,1
12366,1
13508,1
16224,1
18043,1
13898,1
13765,1
13398,1
16526,1
14874,1
14458,1
17036,1
14846,1
12694,1
15647,1
13500,1
15462,1
14812,1
15558,1
14284,1
15216,1
12717,1
17378,1
15931,1
16724,1
17903,1
18174,1
16741,1
17392,1
13701,1
15634,1
15966,1
15161,1
15968,1
18107,1
13022,1
17225,1
13516,1
13172,1
13915,1
13967,1
13046,1
15470,1
17074,1
15962,1
14589,1
16605,1
12355,1
12796,1
14935,1
16274,1
17397,1
13594,1
15902,1
12837,1
14999,1
13745,1
16002,1
13830,1
13220,1
12362,1
17798,1
15479,1
13903,1
17196,1
13109,1
14402,1
17678,1
16244,1
17981,1
15503,1
14814,1
13775,1
12961,1
18278,1
15961,1
13195,1
16944,1
17207,1
14647,1
15923,1
13166,1
17983,1
13738,1
15588,1
15219,1
15404,1
14419,1
15583,1
17070,1
15242,1
15855,1
13139,1
18113,1
12914,1
15138,1
16834,1
13847,1
17039,1
17922,1
14318,1
15370,1
12859,1
16178,1
16885,1
14192,1
12511,1
12555,1
13416,1
16078,1
14274,1
14783,1
12601,1
16760,1
15918,1
17598,1
15599,1
14266,1
13331,1
12385,1
15040,1
12404,1
15405,1
17928,1
14391,1
16413,1
16288,1
15559,1
15454,1
16289,1
17423,1
14128,1
15905,1
18234,1
14193,1
14565,1
15188,1
18050,1
13547,1
14462,1
13191,1
18029,1
18012,1
12466,1
13312,1
16491,1
12652,1
12543,1
14575,1
15152,1
18166,1
13125,1
13766,1
16201,1
17386,1
13290,1
16469,1
14598,1
15540,1
12368,1
18028,1
15085,1
14945,1
16148,1
15922,1
15543,1
14531,1
18238,1
17715,1
15305,1
14977,1
15991,1
13111,1
14588,1
16348,1
16323,1
18020,1
15474,1
13219,1
15742,1
15029,1
17094,1
16473,1
18191,1
12894,1
17805,1
18153,1
14775,1
14328,1
17915,1
14436,1
15689,1
14474,1
16917,1
13746,1
13000,1
16285,1
14774,1
17296,1
16543,1
16476,1
12777,1
13549,1
14197,1
18173,1
18162,1
18100,1
13879,1
17187,1
12666,1
12467,1
14975,1
15894,1
14833,1
14743,1
12580,1
13661,1
13303,1
12519,1
17033,1
16459,1
12459,1
13829,1
13257,1
14077,1
17868,1
18128,1
13757,1
12770,1
14571,1
15190,1
17543,1
14095,1
17129,1
18123,1
14717,1
16687,1
15871,1
13859,1
14706,1
17171,1
16328,1
14954,1
17318,1
18140,1
17840,1
18038,1
14596,1
16082,1
14278,1
15995,1
14580,1
15548,1
13498,1
17556,1
16786,1
16396,1
17665,1
13036,1
13168,1
13106,1
17744,1
17156,1
13689,1
15208,1
16006,1
18227,1
16622,1
12983,1
14417,1
14600,1
17016,1
17959,1
17488,1
12671,1
17261,1
14470,1
14254,1
17276,1
13251,1
12768,1
14445,1
14972,1
15478,1
15631,1
14079,1
17433,1
13226,1
14144,1
15724,1
13063,1
14347,1
12638,1
12529,1
17772,1
14163,1
14338,1
18124,1
16214,1
16874,1
16643,1
12780,1
16578,1
17066,1
13583,1
13779,1
13712,1
13119,1
16640,1
17283,1
13702,1
13424,1
14216,1
14213,1
16061,1
17606,1
13469,1
14495,1
15852,1
16649,1
14989,1
16284,1
16780,1
16165,1
17192,1
14003,1
16547,1
17976,1
14052,1
13674,1
13794,1
18253,1
17789,1
12460,1
12871,1
15128,1
12903,1
13264,1
15432,1
16664,1
12850,1
17570,1
15200,1
17336,1
15939,1
13180,1
16507,1
14472,1
16185,1
17274,1
16001,1
13581,1
17767,1
17980,1
13586,1
14637,1
14654,1
13511,1
17407,1
14339,1
13961,1
13574,1
16716,1
14070,1
16694,1
16920,1
17510,1
14475,1
15626,1
17843,1
14483,1
12974,1
18285,1
16315,1
13509,1
14444,1
16540,1
17104,1
14675,1
14906,1
17571,1
14793,1
14131,1
13412,1
16552,1
16541,1
14799,1
17056,1
15688,1
13423,1
14008,1
17938,1
15928,1
14941,1
14208,1
16733,1
16666,1
12821,1
18007,1
14126,1
13215,1
16355,1
17319,1
14084,1
12691,1
14811,1
16146,1
13375,1
14968,1
12801,1
17991,1
13688,1
13721,1
14579,1
16829,1
17249,1
17958,1
13087,1
13388,1
15379,1
13955,1
12475,1
16371,1
12531,1
14382,1
17964,1
16358,1
14716,1
14574,1
15833,1
15231,1
15115,1
17177,1
14786,1
17927,1
16880,1
16402,1
12964,1
15458,1
12751,1
15018,1
15635,1
13453,1
15302,1
12954,1
18246,1
17703,1
16424,1
13452,1
16645,1
13752,1
14645,1
16047,1
15613,1
14619,1
13789,1
12445,1
15735,1
18255,1
18076,1
15495,1
12767,1
18199,1
16137,1
13179,1
12538,1
17787,1
13927,1
12457,1
13076,1
12861,1
12495,1
17982,1
18052,1
12353,1
16299,1
17993,1
17718,1
14980,1
13624,1
15468,1
16876,1
13177,1
15374,1
12925,1
14724,1
15243,1
13703,1
12996,1
17435,1
15431,1
16443,1
15530,1
17305,1
17821,1
13326,1
17245,1
14414,1
13088,1
17762,1
17934,1
14281,1
16377,1
16251,1
17103,1
17627,1
13714,1
15469,1
12686,1
14311,1
17575,1
16192,1
14137,1
17271,1
17384,1
17111,1
14153,1
13792,1
12992,1
13282,1
17483,1
12946,1
13691,1
15818,1
15927,1
14244,1
13133,1
16420,1
15322,1
15338,1
13302,1
17660,1
14943,1
16998,1
13030,1
15336,1
16069,1
14207,1
18197,1
15964,1
14979,1
15264,1
15473,1
16545,1
15509,1
16219,1
16064,1
16564,1
15409,1
15112,1
13369,1
15387,1
17359,1
15929,1
17586,1
15778,1
17152,1
12959,1
15277,1
17909,1
14516,1
12934,1
12348,1
15893,1
16765,1
12738,1
14429,1
15174,1
13553,1
15670,1
14845,1
18083,1
14082,1
14788,1
17499,1
18091,1
14791,1
18264,1
18212,1
17395,1
15693,1
15127,1
14033,1
14777,1
17254,1
17687,1
13194,1
16776,1
13687,1
14827,1
16136,1
14042,1
16408,1
17040,1
15534,1
15368,1
15515,1
16824,1
14314,1
16922,1
12864,1
13454,1
15892,1
17417,1
16277,1
17264,1
17743,1
18266,1
13053,1
17112,1
13739,1
17674,1
14627,1
15710,1
14231,1
17334,1
15919,1
16715,1
12918,1
15176,1
16291,1
18079,1
15092,1
13441,1
14241,1
12742,1
14433,1
14806,1
16646,1
17533,1
12763,1
17971,1
13814,1
13907,1
16548,1
12410,1
13843,1
18160,1
14240,1
15828,1
14684,1
12487,1
17953,1
15524,1
12400,1
17219,1
17842,1
13672,1
14255,1
16486,1
15686,1
16357,1
16362,1
15595,1
14873,1
18115,1
14526,1
15620,1
17202,1
16046,1
15954,1
13071,1
13380,1
15317,1
17057,1
17933,1
18267,1
13944,1
13007,1
14753,1
16367,1
12819,1
15072,1
16527,1
17440,1
14106,1
15371,1
13551,1
14072,1
14928,1
12776,1
17487,1
17721,1
14271,1
13695,1
17910,1
13482,1
17178,1
12655,1
13370,1
12787,1
14039,1
18195,1
15685,1
15496,1
16399,1
17374,1
14568,1
15948,1
14983,1
12846,1
12786,1
13438,1
12608,1
16334,1
12378,1
15603,1
16990,1
12441,1
18046,1
15042,1
13780,1
14834,1
16577,1
12947,1
18003,1
16490,1
12595,1
17583,1
13128,1
12606,1
15970,1
15698,1
14635,1
15022,1
18208,1
17579,1
16127,1
14497,1
14683,1
16269,1
14392,1
15131,1
16681,1
17833,1
14678,1
14602,1
13237,1
16663,1
13724,1
14851,1
15642,1
18148,1
15481,1
13135,1
17803,1
14086,1
13105,1
13651,1
17467,1
17012,1
16908,1
17458,1
16821,1
13083,1
14737,1
18243,1
17328,1
13793,1
13286,1
17278,1
16683,1
15536,1
17495,1
18256,1
13025,1
12568,1
18054,1
14900,1
14929,1
13124,1
14822,1
14726,1
14394,1
18189,1
14927,1
14594,1
17106,1
18111,1
14378,1
16970,1
13387,1
17710,1
17022,1
16962,1
12927,1
15337,1
14187,1
15859,1
16936,1
13896,1
13204,1
15448,1
13112,1
15616,1
16886,1
16937,1
15396,1
12392,1
14694,1
15273,1
15166,1
17912,1
12887,1
17316,1
14981,1
15158,1
12728,1
16262,1
15006,1
16051,1
15597,1
15375,1
15924,1
17224,1
13096,1
13011,1
12661,1
16346,1
12942,1
14843,1
15143,1
16639,1
14613,1
15140,1
14509,1
16301,1
17729,1
13014,1
17369,1
13683,1
18089,1
17215,1
12505,1
13367,1
13943,1
13163,1
17009,1
14074,1
16783,1
14859,1
15709,1
18273,1
14761,1
15880,1
17558,1
12434,1
16857,1
15282,1
15926,1
18042,1
15391,1
16542,1
13626,1
13086,1
12890,1
15788,1
17749,1
13620,1
15295,1
14969,1
16508,1
14103,1
14203,1
14559,1
14604,1
17087,1
15082,1
12790,1
15212,1
13968,1
15048,1
16118,1
14982,1
18132,1
17626,1
14094,1
17872,1
14581,1
13169,1
13905,1
16035,1
16090,1
12537,1
13241,1
12351,1
16368,1
12892,1
15041,1
16195,1
18280,1
15772,1
13966,1
12485,1
13852,1
14468,1
15731,1
12760,1
16870,1
13977,1
13281,1
15837,1
17149,1
13392,1
16537,1
14376,1
12746,1
13222,1
15135,1
12425,1
14521,1
17765,1
17471,1
16589,1
14226,1
13788,1
16492,1
12829,1
15630,1
17084,1
14133,1
12570,1
17093,1
12774,1
15165,1
16252,1
13600,1
14330,1
15020,1
12411,1
18284,1
17820,1
16267,1
13337,1
18098,1
15683,1
15477,1
15697,1
15486,1
12470,1
15770,1
18000,1
15490,1
13274,1
14212,1
17815,1
16194,1
15025,1
16109,1
16579,1
16044,1
17925,1
14784,1
14171,1
17784,1
15293,1
13625,1
16925,1
16095,1
15065,1
16440,1
15608,1
15726,1
12492,1
15310,1
14677,1
14459,1
17514,1
12672,1
17717,1
16785,1
16642,1
13937,1
14630,1
17248,1
16673,1
12953,1
14412,1
14908,1
15233,1
13580,1
15773,1
15999,1
16304,1
17559,1
14446,1
14718,1
13035,1
17826,1
12784,1
16397,1
12858,1
17601,1
16439,1
14366,1
15979,1
15761,1
13079,1
12563,1
12396,1
14750,1
14991,1
14919,1
14920,1
14374,1
14955,1
14491,1
17280,1
17134,1
16737,1
15672,1
14544,1
12847,1
18270,1
17199,1
15352,1
14017,1
14899,1
17480,1
17403,1
13245,1
17944,1
14123,1
12969,1
17605,1
18127,1
15552,1
13913,1
18056,1
12730,1
17778,1
12443,1
18186,1
17474,1
16198,1
14767,1
17657,1
16238,1
15294,1
16481,1
15250,1
12426,1
12699,1
13548,1
13033,1
15340,1
13608,1
12792,1
17151,1
18157,1
18131,1
13270,1
13962,1
18163,1
17352,1
15487,1
14858,1
16739,1
12899,1
13181,1
14269,1
13294,1
13796,1
16752,1
13550,1
14612,1
16100,1
15341,1
18281,1
16028,1
15437,1
15782,1
18119,1
13055,1
18210,1
13167,1
17875,1
12499,1
16822,1
17827,1
13383,1
18152,1
17304,1
12403,1
15211,1
15799,1
17992,1
13143,1
15217,1
18090,1
15951,1
13165,1
16135,1
13490,1
15155,1
15675,1
14268,1
13846,1
17194,1
18279,1
13942,1
17168,1
16896,1
16831,1
18175,1
13309,1
12427,1
15545,1
14405,1
17418,1
16731,1
17217,1
14545,1
15284,1
14957,1
12636,1
13578,1
16193,1
16973,1
14956,1
18017,1
15229,1
17216,1
15765,1
18187,1
14840,1
13205,1
12851,1
17390,1
16599,1
12514,1
13671,1
13359,1
16058,1
12900,1
16448,1
17472,1
16110,1
12507,1
15285,1
16501,1
16635,1
16988,1
17210,1
12807,1
16757,1
13912,1
14614,1
14463,1
14200,1
14893,1
14022,1
14992,1
17919,1
13669,1
14576,1
16867,1
14537,1
12653,1
16980,1
16865,1
12387,1
16068,1
17902,1
17169,1
14263,1
12486,1
13660,1
17468,1
13217,1
14435,1
17439,1
15869,1
13519,1
15864,1
17532,1
17275,1
17568,1
15246,1
14884,1
15256,1
13818,1
17269,1
16941,1
15826,1
16641,1
16280,1
16188,1
12803,1
17375,1
15424,1
13254,1
13535,1
13981,1
16433,1
17260,1
14762,1
18207,1
13699,1
18110,1
14024,1
12616,1
14319,1
15328,1
17748,1
13197,1
16763,1
17208,1
16559,1
18182,1
15875,1
16845,1
17355,1
16630,1
14749,1
17072,1
14380,1
14797,1
12619,1
18031,1
18206,1
17818,1
14674,1
16111,1
12673,1
15899,1
15982,1
13056,1
15775,1
12911,1
16651,1
17989,1
14007,1
12547,1
17136,1
18269,1
17723,1
12554,1
16196,1
16417,1
13158,1
17557,1
12503,1
17401,1
12416,1
14742,1
13607,1
17617,1
17592,1
17116,1
12860,1
14721,1
13639,1
18103,1
15324,1
17516,1
13144,1
13653,1
15986,1
13862,1
17038,1
16222,1
13400,1
12869,1
14773,1
16388,1
12798,1
16810,1
14252,1
12386,1
15177,1
16343,1
17441,1
12945,1
17479,1
17907,1
13023,1
14670,1
12848,1
15915,1
13864,1
17648,1
13754,1
15170,1
13308,1
13974,1
16237,1
13565,1
16149,1
13315,1
16847,1
13609,1
18034,1
14728,1
16294,1
17099,1
17273,1
16345,1
14875,1
14018,1
13604,1
16410,1
12979,1
16530,1
16901,1
13640,1
13363,1
14381,1
15445,1
18070,1
14361,1
13084,1
14294,1
14009,1
16602,1
17977,1
13833,1
13530,1
17344,1
14650,1
15499,1
15848,1
17494,1
14384,1
13445,1
13839,1
12413,1
14892,1
15455,1
16615,1
16740,1
13906,1
14118,1
12941,1
15209,1
17161,1
17089,1
18254,1
15056,1
12698,1
17007,1
18156,1
14310,1
14668,1
17108,1
13612,1
15941,1
17301,1
17855,1
16562,1
17055,1
15257,1
15857,1
16141,1
15851,1
15868,1
15720,1
17195,1
14190,1
14325,1
16991,1
16263,1
13628,1
16077,1
13161,1
12692,1
16312,1
14447,1
15598,1
17599,1
14848,1
16074,1
17587,1
14993,1
15244,1
12773,1
17383,1
17493,1
18048,1
17240,1
13706,1
13114,1
13306,1
16958,1
12771,1
16714,1
14712,1
14787,1
12973,1
16662,1
15718,1
17565,1
15913,1
17541,1
14879,1
12991,1
17121,1
