Customer ID,Total_Revenue,Total_Orders
18102,349164.35,89
14646,248396.5,78
14156,196549.74,102
14911,152121.22,205
13694,131443.19,94
17511,84541.17,31
15061,83284.38,86
16684,80489.21,27
16754,65500.07,29
17949,60117.6,74
13089,57885.45,109
15311,55942.74,121
17450,52422.3,7
17850,51208.87,155
12931,50291.38,42
13093,47111.18,48
16029,41184.3,47
15838,40519.92,16
14298,39667.19,38
13798,38683.02,54
13902,34095.26,5
15769,32451.6,21
13081,30867.77,19
13777,30501.26,37
17841,29562.02,91
16705,29480.06,22
16422,28904.67,59
14680,28615.27,43
13881,28019.58,23
17940,26286.75,6
17389,25381.65,27
12482,23691.4,29
14031,23632.72,27
13408,23616.42,46
14063,22710.2,9
16779,22554.22,32
12748,22457.9,144
18251,21964.14,8
13802,21659.69,16
12709,21107.94,20
17677,20329.68,28
17920,20137.24,39
12471,20129.54,49
16013,20009.84,39
15039,19960.3,47
17381,19726.76,12
12415,19543.84,7
14258,19381.36,16
12921,19333.95,39
14527,19257.08,69
14606,18482.1,102
13767,18320.17,39
17675,17885.32,40
15856,17703.63,26
18008,17642.89,14
16210,17403.21,19
12681,17080.74,24
13078,16904.51,32
15523,16847.18,15
12678,16652.72,9
17404,15874.3,8
17865,15785.87,26
13564,15310.35,35
14062,15120.8,12
15768,14687.06,31
17428,14562.91,18
17448,14523.67,46
15808,14482.03,18
13001,14256.68,20
12647,14201.53,27
17377,14174.25,60
14895,13980.83,18
15760,13916.34,2
12939,13683.0,12
14088,13544.99,3
16019,13542.92,18
12454,13151.44,4
14277,13009.61,6
15513,12992.33,18
15498,12633.18,19
14667,12418.01,31
12409,12346.62,4
12357,12079.99,2
17243,11920.43,44
13687,11880.84,1
12682,11745.69,23
16525,11535.29,23
17589,11433.77,14
15640,11411.92,15
16746,11366.64,24
13340,11364.08,5
12949,11359.48,14
12472,11308.48,13
13319,11236.95,34
14134,11123.35,15
12621,11086.14,16
17044,11013.82,11
14543,10988.14,23
15615,10974.23,24
12918,10953.5,1
18052,10877.18,1
16553,10864.19,21
16652,10776.42,9
18087,10705.8,15
14299,10533.87,19
16191,10497.3,11
17416,10405.03,15
14028,10396.5,3
13027,10327.2,13
17716,10300.98,13
17706,10245.49,17
